n,M_one,M_constant_factor,M_divide_and_conquer
1,0,0,0
2,1,1,1
3,2,2,2
4,3,2,3
5,4,3,4
6,5,3,5
7,6,4,6
8,7,3,7
9,8,4,8
10,9,4,9
11,10,5,10
12,11,4,11
13,12,5,12
14,13,5,13
15,14,6,14
16,15,4,15
17,16,5,16
18,17,5,17
19,18,6,18
20,19,5,19
21,20,6,20
22,21,6,21
23,22,7,22
24,23,5,23
25,24,6,24
26,25,6,25
27,26,7,26
28,27,6,27
29,28,7,28
30,29,7,29
31,30,8,30
32,31,5,31
33,32,6,32
34,33,6,33
35,34,7,34
36,35,6,35
37,36,7,36
38,37,7,37
39,38,8,38
40,39,6,39
41,40,7,40
42,41,7,41
43,42,8,42
44,43,7,43
45,44,8,44
46,45,8,45
47,46,9,46
48,47,6,47
49,48,7,48
50,49,7,49
51,50,8,50
52,51,7,51
53,52,8,52
54,53,8,53
55,54,9,54
56,55,7,55
57,56,8,56
58,57,8,57
59,58,9,58
60,59,8,59
61,60,9,60
62,61,9,61
63,62,10,62
64,63,6,63
65,64,7,64
66,65,7,65
67,66,8,66
68,67,7,67
69,68,8,68
70,69,8,69
71,70,9,70
72,71,7,71
73,72,8,72
74,73,8,73
75,74,9,74
76,75,8,75
77,76,9,76
78,77,9,77
79,78,10,78
80,79,7,79
81,80,8,80
82,81,8,81
83,82,9,82
84,83,8,83
85,84,9,84
86,85,9,85
87,86,10,86
88,87,8,87
89,88,9,88
90,89,9,89
91,90,10,90
92,91,9,91
93,92,10,92
94,93,10,93
95,94,11,94
96,95,7,95
97,96,8,96
98,97,8,97
99,98,9,98
100,99,8,99
101,100,9,100
102,101,9,101
103,102,10,102
104,103,8,103
105,104,9,104
106,105,9,105
107,106,10,106
108,107,9,107
109,108,10,108
110,109,10,109
111,110,11,110
112,111,8,111
113,112,9,112
114,113,9,113
115,114,10,114
116,115,9,115
117,116,10,116
118,117,10,117
119,118,11,118
120,119,9,119
121,120,10,120
122,121,10,121
123,122,11,122
124,123,10,123
125,124,11,124
126,125,11,125
127,126,12,126
128,127,7,127
129,128,8,128
130,129,8,129
131,130,9,130
132,131,8,131
133,132,9,132
134,133,9,133
135,134,10,134
136,135,8,135
137,136,9,136
138,137,9,137
139,138,10,138
140,139,9,139
141,140,10,140
142,141,10,141
143,142,11,142
144,143,8,143
145,144,9,144
146,145,9,145
147,146,10,146
148,147,9,147
149,148,10,148
150,149,10,149
151,150,11,150
152,151,9,151
153,152,10,152
154,153,10,153
155,154,11,154
156,155,10,155
157,156,11,156
158,157,11,157
159,158,12,158
160,159,8,159
161,160,9,160
162,161,9,161
163,162,10,162
164,163,9,163
165,164,10,164
166,165,10,165
167,166,11,166
168,167,9,167
169,168,10,168
170,169,10,169
171,170,11,170
172,171,10,171
173,172,11,172
174,173,11,173
175,174,12,174
176,175,9,175
177,176,10,176
178,177,10,177
179,178,11,178
180,179,10,179
181,180,11,180
182,181,11,181
183,182,12,182
184,183,10,183
185,184,11,184
186,185,11,185
187,186,12,186
188,187,11,187
189,188,12,188
190,189,12,189
191,190,13,190
192,191,8,191
193,192,9,192
194,193,9,193
195,194,10,194
196,195,9,195
197,196,10,196
198,197,10,197
199,198,11,198
200,199,9,199
201,200,10,200
202,201,10,201
203,202,11,202
204,203,10,203
205,204,11,204
206,205,11,205
207,206,12,206
208,207,9,207
209,208,10,208
210,209,10,209
211,210,11,210
212,211,10,211
213,212,11,212
214,213,11,213
215,214,12,214
216,215,10,215
217,216,11,216
218,217,11,217
219,218,12,218
220,219,11,219
221,220,12,220
222,221,12,221
223,222,13,222
224,223,9,223
225,224,10,224
226,225,10,225
227,226,11,226
228,227,10,227
229,228,11,228
230,229,11,229
231,230,12,230
232,231,10,231
233,232,11,232
234,233,11,233
235,234,12,234
236,235,11,235
237,236,12,236
238,237,12,237
239,238,13,238
240,239,10,239
241,240,11,240
242,241,11,241
243,242,12,242
244,243,11,243
245,244,12,244
246,245,12,245
247,246,13,246
248,247,11,247
249,248,12,248
250,249,12,249
251,250,13,250
252,251,12,251
253,252,13,252
254,253,13,253
255,254,14,254
256,255,8,255
257,256,9,256
258,257,9,257
259,258,10,258
260,259,9,259
261,260,10,260
262,261,10,261
263,262,11,262
264,263,9,263
265,264,10,264
266,265,10,265
267,266,11,266
268,267,10,267
269,268,11,268
270,269,11,269
271,270,12,270
272,271,9,271
273,272,10,272
274,273,10,273
275,274,11,274
276,275,10,275
277,276,11,276
278,277,11,277
279,278,12,278
280,279,10,279
281,280,11,280
282,281,11,281
283,282,12,282
284,283,11,283
285,284,12,284
286,285,12,285
287,286,13,286
288,287,9,287
289,288,10,288
290,289,10,289
291,290,11,290
292,291,10,291
293,292,11,292
294,293,11,293
295,294,12,294
296,295,10,295
297,296,11,296
298,297,11,297
299,298,12,298
300,299,11,299
301,300,12,300
302,301,12,301
303,302,13,302
304,303,10,303
305,304,11,304
306,305,11,305
307,306,12,306
308,307,11,307
309,308,12,308
310,309,12,309
311,310,13,310
312,311,11,311
313,312,12,312
314,313,12,313
315,314,13,314
316,315,12,315
317,316,13,316
318,317,13,317
319,318,14,318
320,319,9,319
321,320,10,320
322,321,10,321
323,322,11,322
324,323,10,323
325,324,11,324
326,325,11,325
327,326,12,326
328,327,10,327
329,328,11,328
330,329,11,329
331,330,12,330
332,331,11,331
333,332,12,332
334,333,12,333
335,334,13,334
336,335,10,335
337,336,11,336
338,337,11,337
339,338,12,338
340,339,11,339
341,340,12,340
342,341,12,341
343,342,13,342
344,343,11,343
345,344,12,344
346,345,12,345
347,346,13,346
348,347,12,347
349,348,13,348
350,349,13,349
351,350,14,350
352,351,10,351
353,352,11,352
354,353,11,353
355,354,12,354
356,355,11,355
357,356,12,356
358,357,12,357
359,358,13,358
360,359,11,359
361,360,12,360
362,361,12,361
363,362,13,362
364,363,12,363
365,364,13,364
366,365,13,365
367,366,14,366
368,367,11,367
369,368,12,368
370,369,12,369
371,370,13,370
372,371,12,371
373,372,13,372
374,373,13,373
375,374,14,374
376,375,12,375
377,376,13,376
378,377,13,377
379,378,14,378
380,379,13,379
381,380,14,380
382,381,14,381
383,382,15,382
384,383,9,383
385,384,10,384
386,385,10,385
387,386,11,386
388,387,10,387
389,388,11,388
390,389,11,389
391,390,12,390
392,391,10,391
393,392,11,392
394,393,11,393
395,394,12,394
396,395,11,395
397,396,12,396
398,397,12,397
399,398,13,398
400,399,10,399
401,400,11,400
402,401,11,401
403,402,12,402
404,403,11,403
405,404,12,404
406,405,12,405
407,406,13,406
408,407,11,407
409,408,12,408
410,409,12,409
411,410,13,410
412,411,12,411
413,412,13,412
414,413,13,413
415,414,14,414
416,415,10,415
417,416,11,416
418,417,11,417
419,418,12,418
420,419,11,419
421,420,12,420
422,421,12,421
423,422,13,422
424,423,11,423
425,424,12,424
426,425,12,425
427,426,13,426
428,427,12,427
429,428,13,428
430,429,13,429
431,430,14,430
432,431,11,431
433,432,12,432
434,433,12,433
435,434,13,434
436,435,12,435
437,436,13,436
438,437,13,437
439,438,14,438
440,439,12,439
441,440,13,440
442,441,13,441
443,442,14,442
444,443,13,443
445,444,14,444
446,445,14,445
447,446,15,446
448,447,10,447
449,448,11,448
450,449,11,449
451,450,12,450
452,451,11,451
453,452,12,452
454,453,12,453
455,454,13,454
456,455,11,455
457,456,12,456
458,457,12,457
459,458,13,458
460,459,12,459
461,460,13,460
462,461,13,461
463,462,14,462
464,463,11,463
465,464,12,464
466,465,12,465
467,466,13,466
468,467,12,467
469,468,13,468
470,469,13,469
471,470,14,470
472,471,12,471
473,472,13,472
474,473,13,473
475,474,14,474
476,475,13,475
477,476,14,476
478,477,14,477
479,478,15,478
480,479,11,479
481,480,12,480
482,481,12,481
483,482,13,482
484,483,12,483
485,484,13,484
486,485,13,485
487,486,14,486
488,487,12,487
489,488,13,488
490,489,13,489
491,490,14,490
492,491,13,491
493,492,14,492
494,493,14,493
495,494,15,494
496,495,12,495
497,496,13,496
498,497,13,497
499,498,14,498
500,499,13,499
501,500,14,500
502,501,14,501
503,502,15,502
504,503,13,503
505,504,14,504
506,505,14,505
507,506,15,506
508,507,14,507
509,508,15,508
510,509,15,509
511,510,16,510
512,511,9,511
513,512,10,512
514,513,10,513
515,514,11,514
516,515,10,515
517,516,11,516
518,517,11,517
519,518,12,518
520,519,10,519
521,520,11,520
522,521,11,521
523,522,12,522
524,523,11,523
525,524,12,524
526,525,12,525
527,526,13,526
528,527,10,527
529,528,11,528
530,529,11,529
531,530,12,530
532,531,11,531
533,532,12,532
534,533,12,533
535,534,13,534
536,535,11,535
537,536,12,536
538,537,12,537
539,538,13,538
540,539,12,539
541,540,13,540
542,541,13,541
543,542,14,542
544,543,10,543
545,544,11,544
546,545,11,545
547,546,12,546
548,547,11,547
549,548,12,548
550,549,12,549
551,550,13,550
552,551,11,551
553,552,12,552
554,553,12,553
555,554,13,554
556,555,12,555
557,556,13,556
558,557,13,557
559,558,14,558
560,559,11,559
561,560,12,560
562,561,12,561
563,562,13,562
564,563,12,563
565,564,13,564
566,565,13,565
567,566,14,566
568,567,12,567
569,568,13,568
570,569,13,569
571,570,14,570
572,571,13,571
573,572,14,572
574,573,14,573
575,574,15,574
576,575,10,575
577,576,11,576
578,577,11,577
579,578,12,578
580,579,11,579
581,580,12,580
582,581,12,581
583,582,13,582
584,583,11,583
585,584,12,584
586,585,12,585
587,586,13,586
588,587,12,587
589,588,13,588
590,589,13,589
591,590,14,590
592,591,11,591
593,592,12,592
594,593,12,593
595,594,13,594
596,595,12,595
597,596,13,596
598,597,13,597
599,598,14,598
600,599,12,599
601,600,13,600
602,601,13,601
603,602,14,602
604,603,13,603
605,604,14,604
606,605,14,605
607,606,15,606
608,607,11,607
609,608,12,608
610,609,12,609
611,610,13,610
612,611,12,611
613,612,13,612
614,613,13,613
615,614,14,614
616,615,12,615
617,616,13,616
618,617,13,617
619,618,14,618
620,619,13,619
621,620,14,620
622,621,14,621
623,622,15,622
624,623,12,623
625,624,13,624
626,625,13,625
627,626,14,626
628,627,13,627
629,628,14,628
630,629,14,629
631,630,15,630
632,631,13,631
633,632,14,632
634,633,14,633
635,634,15,634
636,635,14,635
637,636,15,636
638,637,15,637
639,638,16,638
640,639,10,639
641,640,11,640
642,641,11,641
643,642,12,642
644,643,11,643
645,644,12,644
646,645,12,645
647,646,13,646
648,647,11,647
649,648,12,648
650,649,12,649
651,650,13,650
652,651,12,651
653,652,13,652
654,653,13,653
655,654,14,654
656,655,11,655
657,656,12,656
658,657,12,657
659,658,13,658
660,659,12,659
661,660,13,660
662,661,13,661
663,662,14,662
664,663,12,663
665,664,13,664
666,665,13,665
667,666,14,666
668,667,13,667
669,668,14,668
670,669,14,669
671,670,15,670
672,671,11,671
673,672,12,672
674,673,12,673
675,674,13,674
676,675,12,675
677,676,13,676
678,677,13,677
679,678,14,678
680,679,12,679
681,680,13,680
682,681,13,681
683,682,14,682
684,683,13,683
685,684,14,684
686,685,14,685
687,686,15,686
688,687,12,687
689,688,13,688
690,689,13,689
691,690,14,690
692,691,13,691
693,692,14,692
694,693,14,693
695,694,15,694
696,695,13,695
697,696,14,696
698,697,14,697
699,698,15,698
700,699,14,699
701,700,15,700
702,701,15,701
703,702,16,702
704,703,11,703
705,704,12,704
706,705,12,705
707,706,13,706
708,707,12,707
709,708,13,708
710,709,13,709
711,710,14,710
712,711,12,711
713,712,13,712
714,713,13,713
715,714,14,714
716,715,13,715
717,716,14,716
718,717,14,717
719,718,15,718
720,719,12,719
721,720,13,720
722,721,13,721
723,722,14,722
724,723,13,723
725,724,14,724
726,725,14,725
727,726,15,726
728,727,13,727
729,728,14,728
730,729,14,729
731,730,15,730
732,731,14,731
733,732,15,732
734,733,15,733
735,734,16,734
736,735,12,735
737,736,13,736
738,737,13,737
739,738,14,738
740,739,13,739
741,740,14,740
742,741,14,741
743,742,15,742
744,743,13,743
745,744,14,744
746,745,14,745
747,746,15,746
748,747,14,747
749,748,15,748
750,749,15,749
751,750,16,750
752,751,13,751
753,752,14,752
754,753,14,753
755,754,15,754
756,755,14,755
757,756,15,756
758,757,15,757
759,758,16,758
760,759,14,759
761,760,15,760
762,761,15,761
763,762,16,762
764,763,15,763
765,764,16,764
766,765,16,765
767,766,17,766
768,767,10,767
769,768,11,768
770,769,11,769
771,770,12,770
772,771,11,771
773,772,12,772
774,773,12,773
775,774,13,774
776,775,11,775
777,776,12,776
778,777,12,777
779,778,13,778
780,779,12,779
781,780,13,780
782,781,13,781
783,782,14,782
784,783,11,783
785,784,12,784
786,785,12,785
787,786,13,786
788,787,12,787
789,788,13,788
790,789,13,789
791,790,14,790
792,791,12,791
793,792,13,792
794,793,13,793
795,794,14,794
796,795,13,795
797,796,14,796
798,797,14,797
799,798,15,798
800,799,11,799
801,800,12,800
802,801,12,801
803,802,13,802
804,803,12,803
805,804,13,804
806,805,13,805
807,806,14,806
808,807,12,807
809,808,13,808
810,809,13,809
811,810,14,810
812,811,13,811
813,812,14,812
814,813,14,813
815,814,15,814
816,815,12,815
817,816,13,816
818,817,13,817
819,818,14,818
820,819,13,819
821,820,14,820
822,821,14,821
823,822,15,822
824,823,13,823
825,824,14,824
826,825,14,825
827,826,15,826
828,827,14,827
829,828,15,828
830,829,15,829
831,830,16,830
832,831,11,831
833,832,12,832
834,833,12,833
835,834,13,834
836,835,12,835
837,836,13,836
838,837,13,837
839,838,14,838
840,839,12,839
841,840,13,840
842,841,13,841
843,842,14,842
844,843,13,843
845,844,14,844
846,845,14,845
847,846,15,846
848,847,12,847
849,848,13,848
850,849,13,849
851,850,14,850
852,851,13,851
853,852,14,852
854,853,14,853
855,854,15,854
856,855,13,855
857,856,14,856
858,857,14,857
859,858,15,858
860,859,14,859
861,860,15,860
862,861,15,861
863,862,16,862
864,863,12,863
865,864,13,864
866,865,13,865
867,866,14,866
868,867,13,867
869,868,14,868
870,869,14,869
871,870,15,870
872,871,13,871
873,872,14,872
874,873,14,873
875,874,15,874
876,875,14,875
877,876,15,876
878,877,15,877
879,878,16,878
880,879,13,879
881,880,14,880
882,881,14,881
883,882,15,882
884,883,14,883
885,884,15,884
886,885,15,885
887,886,16,886
888,887,14,887
889,888,15,888
890,889,15,889
891,890,16,890
892,891,15,891
893,892,16,892
894,893,16,893
895,894,17,894
896,895,11,895
897,896,12,896
898,897,12,897
899,898,13,898
900,899,12,899
901,900,13,900
902,901,13,901
903,902,14,902
904,903,12,903
905,904,13,904
906,905,13,905
907,906,14,906
908,907,13,907
909,908,14,908
910,909,14,909
911,910,15,910
912,911,12,911
913,912,13,912
914,913,13,913
915,914,14,914
916,915,13,915
917,916,14,916
918,917,14,917
919,918,15,918
920,919,13,919
921,920,14,920
922,921,14,921
923,922,15,922
924,923,14,923
925,924,15,924
926,925,15,925
927,926,16,926
928,927,12,927
929,928,13,928
930,929,13,929
931,930,14,930
932,931,13,931
933,932,14,932
934,933,14,933
935,934,15,934
936,935,13,935
937,936,14,936
938,937,14,937
939,938,15,938
940,939,14,939
941,940,15,940
942,941,15,941
943,942,16,942
944,943,13,943
945,944,14,944
946,945,14,945
947,946,15,946
948,947,14,947
949,948,15,948
950,949,15,949
951,950,16,950
952,951,14,951
953,952,15,952
954,953,15,953
955,954,16,954
956,955,15,955
957,956,16,956
958,957,16,957
959,958,17,958
960,959,12,959
961,960,13,960
962,961,13,961
963,962,14,962
964,963,13,963
965,964,14,964
966,965,14,965
967,966,15,966
968,967,13,967
969,968,14,968
970,969,14,969
971,970,15,970
972,971,14,971
973,972,15,972
974,973,15,973
975,974,16,974
976,975,13,975
977,976,14,976
978,977,14,977
979,978,15,978
980,979,14,979
981,980,15,980
982,981,15,981
983,982,16,982
984,983,14,983
985,984,15,984
986,985,15,985
987,986,16,986
988,987,15,987
989,988,16,988
990,989,16,989
991,990,17,990
992,991,13,991
993,992,14,992
994,993,14,993
995,994,15,994
996,995,14,995
997,996,15,996
998,997,15,997
999,998,16,998
1000,999,14,999
