n,Selection Sort,Insertion Sort
100,4950,0
200,19900,0
300,44850,0
400,79800,0
500,124750,0
600,179700,0
700,244650,0
800,319600,0
900,404550,0
1000,499500,0
1100,604450,0
1200,719400,0
1300,844350,0
1400,979300,0
1500,1124250,0
1600,1279200,0
1700,1444150,0
1800,1619100,0
1900,1804050,0
2000,1999000,0
2100,2203950,0
2200,2418900,0
2300,2643850,0
2400,2878800,0
2500,3123750,0
2600,3378700,0
2700,3643650,0
2800,3918600,0
2900,4203550,0
3000,4498500,0
3100,4803450,0
3200,5118400,0
3300,5443350,0
3400,5778300,0
3500,6123250,0
3600,6478200,0
3700,6843150,0
3800,7218100,0
3900,7603050,0
4000,7998000,0
4100,8402950,0
4200,8817900,0
4300,9242850,0
4400,9677800,0
4500,10122750,0
4600,10577700,0
4700,11042650,0
4800,11517600,0
4900,12002550,0
5000,12497500,0
5100,13002450,0
5200,13517400,0
5300,14042350,0
5400,14577300,0
5500,15122250,0
5600,15677200,0
5700,16242150,0
5800,16817100,0
5900,17402050,0
6000,17997000,0
6100,18601950,0
6200,19216900,0
6300,19841850,0
6400,20476800,0
6500,21121750,0
6600,21776700,0
6700,22441650,0
6800,23116600,0
6900,23801550,0
7000,24496500,0
7100,25201450,0
7200,25916400,0
7300,26641350,0
7400,27376300,0
7500,28121250,0
7600,28876200,0
7700,29641150,0
7800,30416100,0
7900,31201050,0
8000,31996000,0
8100,32800950,0
8200,33615900,0
8300,34440850,0
8400,35275800,0
8500,36120750,0
8600,36975700,0
8700,37840650,0
8800,38715600,0
8900,39600550,0
9000,40495500,0
9100,41400450,0
9200,42315400,0
9300,43240350,0
9400,44175300,0
9500,45120250,0
9600,46075200,0
9700,47040150,0
9800,48015100,0
9900,49000050,0
10000,49995000,0
